Date du commentaire,Commenter
"22 oct. 2023, 11:50:45","Gilles Chambard merci, bien content de moi"
"8 nov. 2023, 11:24:21",Sacré bois de Boulogne 
"8 nov. 2023, 11:24:55",Ilo Malaman je prend mon nouveau travail à coeur
"19 mai 2024, 14:43:04",10 km pas plus
"18 août 2024, 07:53:18",Non d’un chien les hoka font des ravages
"9 sept. 2024, 13:26:25",Bogoss 
"24 oct. 2024, 14:49:04",Voilà mon champion
"2 nov. 2024, 17:15:23",Ça donne quoi ces nouvelles chaussures?
"27 avr. 2025, 08:18:58",Bravissimo
"30 avr. 2025, 17:26:29",Je buvais un coup sur la barge j’ai croisé un Bogoss 
"11 mai 2025, 11:54:21",Elle est belle
"7 juin 2025, 18:14:21",Bravo mama
"7 juin 2025, 18:14:27",La forme revient
"2 sept. 2026, 18:39:40",La bête
