ID de l'athlète abonné(e),Statut d'abonnement,Statut favori
127776331,Accepté,""
95232925,Accepté,""
125436374,Accepté,""
62224271,Accepté,""
102652900,Accepté,""
1544050490,Accepté,""
1967424502,Accepté,""
130905176,Accepté,""
150043229,Accepté,""
130106518,Accepté,""
131864210,Accepté,""
6404407,Accepté,""
205606073,Accepté,""
40425813,Accepté,""
179839755,Accepté,""
71034121,Accepté,""
143784930,Accepté,""
45292173,Accepté,""
129197754,Accepté,""
48309862,Accepté,""
125843284,Accepté,""
112088989,Accepté,""
167413717,Accepté,""
114245620,Accepté,""
51676764,Accepté,""
35105740,Accepté,""
82046765,Accepté,""
19439244,Accepté,""
133455837,Accepté,""
139191782,Accepté,""
128710844,Accepté,""
129961421,Accepté,""
110041048,Accepté,""
34933250,Accepté,""
129983599,Accepté,""
128385770,Accepté,""
129155358,Accepté,""
126187743,Accepté,""
125022939,Accepté,""
126396358,Accepté,""
123403423,Accepté,""
96093870,Accepté,""
27134849,Accepté,""
25665598,Accepté,""
47049325,Accepté,""
