Date d'inscription,Nom,Terminé
"7 sept. 2023, 22:00:08",September 5K x Brooks,true
"7 sept. 2023, 22:00:59",September 10K,true
"8 oct. 2023, 18:52:48",October 5K x Brooks,true
"10 oct. 2023, 10:49:01",October Walking Distance Challenge,false
"8 oct. 2023, 18:52:46",October Run Climbing Challenge,false
"8 oct. 2023, 18:52:53",October Running Challenge,false
"8 oct. 2023, 18:52:59",October 10K,true
"1 nov. 2023, 13:13:16",Go the Extra Miles,true
"15 nov. 2023, 10:34:37",November Workout Challenge,false
"2 nov. 2023, 19:30:56",November Half Marathon,true
"2 nov. 2023, 19:30:53",November 10K,true
"2 nov. 2023, 19:30:47",November Running Challenge,false
"2 nov. 2023, 19:30:43",November Run Climbing Challenge,false
"2 nov. 2023, 19:30:51",November Running Distance Challenge,false
"2 nov. 2023, 19:30:44",November 5K x Brooks,true
"8 nov. 2023, 18:09:31","Shokz Sweat Now, Shop Later Challenge",true
"16 janv. 2024, 19:51:49",January 5K x Brooks Challenge,false
"16 janv. 2024, 19:52:15",January 10K Challenge,false
"16 janv. 2024, 19:51:42","Huawei New Year, New Fitness Companion",false
"16 janv. 2024, 19:52:07",Le Col Project 24 Challenge,false
"16 janv. 2024, 19:51:53",The North Face Forget The Forecast,false
"17 mai 2024, 10:25:56",Running Up For Air with Patagonia,false
"17 mai 2024, 10:25:36",May 5K x Brooks Challenge,true
"17 mai 2024, 10:26:00",May 10K Challenge,true
"17 mai 2024, 10:26:12",May Run 100K Challenge,false
"17 mai 2024, 10:25:48","Maurten ""no guts, no glory"" challenge",false
"5 juin 2024, 13:44:11","Eat, Sleep, Get FIT, Repeat with Huawei",true
"5 juin 2024, 13:44:36",June 5K x Brooks Challenge,true
"5 juin 2024, 13:44:42",Le Col Keep The Pace Challenge,true
"26 juil. 2024, 05:05:29",July 5K x Brooks Challenge,true
"26 juil. 2024, 05:06:00",July 10K Challenge,true
"26 juil. 2024, 05:06:03",July Run 100K Challenge,false
"26 juil. 2024, 05:05:40",Shokz: A day with Jan Frodeno,true
"29 oct. 2025, 18:49:58",Nike Run Harder. rue Lepic Takeover,false
"3 avr. 2026, 15:30:52",April 180 Minute Sweat Challenge,true
"12 sept. 2026, 10:15:26",Private Sport Shop | HOKA Les Templiers Challenge,true
