Nom de fichier du support,Légende du support
media/8BA55097-54F4-4A8E-B198-84CEC954DE7F.jpg,""
media/34A99430-69ED-48AB-9C6F-AD68B55CF551.jpg,""
media/782C503A-2F2B-4089-A974-7D136670E639.jpg,""
media/1513ADDE-B710-4031-A940-D6162ECBEDAB.jpg,""
media/AF08BA2A-06B9-4142-83AC-E57F103AE783.jpg,""
media/1BA4ED3D-D559-44C6-8AFB-AD6759511A65.mp4,""
media/E3F4297D-A088-4589-8CD8-0F24867F1F09.jpg,""
media/889A6993-5BC7-4B24-906C-E5F4FA218171.jpg,""
media/7463E64E-B72F-4876-B61E-9AF008384348.jpg,""
media/082C7621-0058-42CA-B19A-303ADB9D7116.jpg,""
media/CD0DB9F3-F4C6-4337-96C1-B0FC7655D136.jpg,""
media/C4BD820F-FC27-409D-B60F-F09BA26BE6F6.jpg,""
media/B606FD39-9114-4923-9BE7-5178DB9639B4.jpg,""
media/5217F12F-29F6-4B43-8487-4404958D610B.jpg,""
media/971947D5-9478-4261-AC02-DFFAA130E546.jpg,""
media/F02AD99A-CBF6-43EC-9598-587B1D747C99.jpg,""
media/0B9AA913-6F7F-482F-AABE-508F070F1EF5.jpg,""
media/41BF924C-DEC2-4A6F-8B85-6072D66E4321.jpg,""
media/CA031DC6-2CF5-41B4-912E-FC3E4C18E78E.jpg,""
media/2808AD21-D365-44AC-990F-7387C5686AF4.jpg,""
media/17C870FB-837D-4C20-9425-460DE132C8C6.jpg,""
media/A34A5E32-CCF2-4F40-9CC3-44BED9EF9536.jpg,""
media/A3CE4FB8-F05F-439A-A780-83571E5FD0E9.jpg,""
media/77DFA9E2-7015-4559-B7E7-CFAD98090F48.jpg,""
media/69E11705-8914-4369-90C8-33E6199F6BD0.jpg,""
media/C920BE35-4DB8-416E-AF4D-E9581F2BCBF8.jpg,""
media/32DAB79A-C230-418A-B295-A685A7499486.jpg,""
media/B20AF98D-4DF0-411B-994B-0410C896FDDB.jpg,""
media/E3AA0911-F408-4D70-8F87-36C6B329A551.jpg,""
media/FF07060D-6AC2-49C1-8B38-28CC766FAE0E.jpg,""
media/AF929D1C-FFD5-4BD2-B15D-8A8748BB1545.jpg,""
media/E8BDFCD9-BC8C-41B1-B8B7-5A41111179F7.jpg,""
media/BABA44D7-F823-423F-9C71-CCAF5A647D87.jpg,""
