Date de réaction,Type de réaction,Type parent,ID parent
"24 sept. 2023, 15:19:30",Kudos,Activité,9911905389
"24 sept. 2023, 15:19:40",Kudos,Activité,9911350427
"24 sept. 2023, 15:19:50",Kudos,Activité,9909465114
"26 sept. 2023, 17:33:22",Kudos,Activité,9922823457
"26 sept. 2023, 17:44:11",Kudos,Activité,9923225296
"30 sept. 2023, 13:26:40",Kudos,Activité,9948979664
"1 oct. 2023, 10:47:30",Kudos,Activité,9954821379
"1 oct. 2023, 10:48:36",Kudos,Activité,9939093164
"1 oct. 2023, 10:48:38",Kudos,Activité,9939086216
"1 oct. 2023, 15:35:50",Kudos,Activité,9956399316
"1 oct. 2023, 15:35:52",Kudos,Activité,9956399382
"3 oct. 2023, 09:02:39",Kudos,Activité,9960615134
"3 oct. 2023, 09:02:39",Kudos,Activité,9960663937
"4 oct. 2023, 10:51:39",Kudos,Activité,9974161372
"6 oct. 2023, 18:08:51",Kudos,Activité,9988384243
"6 oct. 2023, 18:08:59",Kudos,Activité,9982829553
"6 oct. 2023, 18:09:02",Kudos,Activité,9988840501
"6 oct. 2023, 18:09:04",Kudos,Activité,9983272449
"6 oct. 2023, 18:09:07",Kudos,Activité,9976152671
"6 oct. 2023, 18:09:11",Kudos,Activité,9979477786
"6 oct. 2023, 18:09:12",Kudos,Activité,9976559277
"7 oct. 2023, 13:11:54",Kudos,Activité,9992937137
"7 oct. 2023, 21:37:52",Kudos,Activité,9995661132
"8 oct. 2023, 15:06:01",Kudos,Activité,9998016450
"8 oct. 2023, 18:31:08",Kudos,Activité,9999914380
"8 oct. 2023, 18:59:35",Kudos,Activité,10002250463
"10 oct. 2023, 19:00:28",Kudos,Activité,10013724363
"11 oct. 2023, 19:17:19",Kudos,Activité,10020448880
"12 oct. 2023, 16:27:53",Kudos,Activité,10025794049
"12 oct. 2023, 16:28:02",Kudos,Activité,10025786926
"13 oct. 2023, 11:52:44",Kudos,Activité,10030171722
"13 oct. 2023, 13:54:08",Kudos,Activité,10030927657
"15 oct. 2023, 20:37:07",Kudos,Activité,10041619702
"19 oct. 2023, 17:03:19",Kudos,Activité,10065629329
"19 oct. 2023, 17:03:24",Kudos,Activité,10059991265
"19 oct. 2023, 17:05:19",Kudos,Activité,10057138738
"22 oct. 2023, 11:37:26",Kudos,Activité,10083143145
"22 oct. 2023, 12:08:20",Kudos,Activité,10076125081
"22 oct. 2023, 12:08:22",Kudos,Activité,10083808723
"23 oct. 2023, 20:52:03",Kudos,Activité,10091333107
"26 oct. 2023, 18:15:45",Kudos,Activité,10108941930
"28 oct. 2023, 00:18:26",Kudos,Activité,10109567751
"29 oct. 2023, 17:05:27",Kudos,Activité,10126564213
"29 oct. 2023, 17:05:36",Kudos,Activité,10125964828
"31 oct. 2023, 18:40:04",Kudos,Activité,10137199552
"31 oct. 2023, 18:40:10",Kudos,Activité,10123350129
"31 oct. 2023, 19:43:45",Kudos,Activité,10137679605
"31 oct. 2023, 19:44:02",Kudos,Activité,10137672584
"1 nov. 2023, 12:28:06",Kudos,Activité,10140880360
"1 nov. 2023, 17:13:20",Kudos,Activité,10143089671
"1 nov. 2023, 19:07:22",Kudos,Activité,10143814374
"1 nov. 2023, 19:15:33",Kudos,Activité,10141403122
"2 nov. 2023, 19:30:09",Kudos,Activité,10147043114
"3 nov. 2023, 14:27:57",Kudos,Activité,10152700748
"3 nov. 2023, 19:09:38",Kudos,Activité,10154150427
"3 nov. 2023, 22:04:15",Kudos,Activité,10155098006
"4 nov. 2023, 12:05:04",Kudos,Activité,10157203706
"5 nov. 2023, 09:34:20",Kudos,Activité,10162882994
"5 nov. 2023, 17:58:07",Kudos,Activité,10164602396
"5 nov. 2023, 20:36:44",Kudos,Activité,10166736435
"5 nov. 2023, 20:36:46",Kudos,Activité,10166742796
"6 nov. 2023, 17:56:42",Kudos,Activité,10169487060
"6 nov. 2023, 17:56:48",Kudos,Activité,10171323980
"6 nov. 2023, 17:56:55",Kudos,Activité,10169280504
"7 nov. 2023, 18:51:27",Kudos,Activité,10177418157
"7 nov. 2023, 18:51:40",Kudos,Activité,10172204888
"8 nov. 2023, 07:29:59",Kudos,Activité,10178602320
"8 nov. 2023, 11:24:02",Kudos,Activité,10181495208
"8 nov. 2023, 19:16:58",Kudos,Activité,10184179892
"8 nov. 2023, 20:11:08",Kudos,Activité,10184467850
"11 nov. 2023, 11:14:04",Kudos,Activité,10198446543
"11 nov. 2023, 11:14:29",Kudos,Activité,10194942776
"13 nov. 2023, 19:22:24",Kudos,Activité,10212523291
"14 nov. 2023, 20:59:14",Kudos,Activité,10217518439
"15 nov. 2023, 21:55:25",Kudos,Activité,10223975020
"15 nov. 2023, 21:55:29",Kudos,Activité,10224541836
"15 nov. 2023, 21:56:28",Kudos,Activité,10224895537
"15 nov. 2023, 21:56:47",Kudos,Activité,10225039872
"19 nov. 2023, 09:21:53",Kudos,Activité,10240756893
"19 nov. 2023, 09:22:00",Kudos,Activité,10235491946
"22 nov. 2023, 09:28:49",Kudos,Activité,10252539713
"4 déc. 2023, 16:54:56",Kudos,Activité,10327419575
"4 déc. 2023, 16:55:27",Kudos,Activité,10323686200
"4 déc. 2023, 16:55:29",Kudos,Activité,10312588680
"4 déc. 2023, 16:55:32",Kudos,Activité,10315681887
"4 déc. 2023, 16:55:33",Kudos,Activité,10315698977
"4 déc. 2023, 16:55:40",Kudos,Activité,10321185322
"10 déc. 2023, 10:58:05",Kudos,Activité,10357254922
"5 janv. 2024, 09:23:51",Kudos,Activité,10492971583
"5 janv. 2024, 09:24:30",Kudos,Publication,27151475
"5 janv. 2024, 09:24:33",Kudos,Activité,10491537400
"12 févr. 2024, 20:17:19",Kudos,Activité,10748015645
"13 févr. 2024, 18:37:00",Kudos,Activité,10752728942
"13 févr. 2024, 18:37:01",Kudos,Activité,10752986367
"13 févr. 2024, 18:37:04",Kudos,Activité,10754832110
"13 févr. 2024, 18:37:13",Kudos,Activité,10753743082
"14 févr. 2024, 12:18:16",Kudos,Activité,10755974082
"14 févr. 2024, 16:33:27",Kudos,Activité,10761126552
"14 févr. 2024, 16:33:32",Kudos,Activité,10759930483
"18 févr. 2024, 20:43:58",Kudos,Activité,10789461299
"21 févr. 2024, 17:52:47",Kudos,Activité,10807202777
"21 févr. 2024, 17:52:51",Kudos,Activité,10801617879
"21 févr. 2024, 17:53:44",Kudos,Activité,10802548617
"21 févr. 2024, 17:54:03",Kudos,Activité,10794648552
"24 févr. 2024, 10:01:44",Kudos,Activité,10821416745
"24 févr. 2024, 10:01:58",Kudos,Activité,10820047217
"24 févr. 2024, 21:00:17",Kudos,Activité,10827688408
"26 févr. 2024, 17:34:35",Kudos,Activité,10841699228
"26 févr. 2024, 17:55:56",Kudos,Activité,10834761271
"3 mars 2024, 09:30:59",Kudos,Activité,10878885353
"3 mars 2024, 15:41:38",Kudos,Activité,10880826786
"3 mars 2024, 15:41:47",Kudos,Activité,10879847375
"4 mars 2024, 06:53:55",Kudos,Activité,10883310435
"4 mars 2024, 06:53:59",Kudos,Activité,10884486698
"15 mars 2024, 21:24:49",Kudos,Activité,10966597802
"15 mars 2024, 21:24:54",Kudos,Activité,10965945004
"16 mars 2024, 18:20:59",Kudos,Activité,10972111133
"18 mars 2024, 17:46:31",Kudos,Activité,10981232162
"18 mars 2024, 20:18:00",Kudos,Activité,10988087981
"18 mars 2024, 20:18:01",Kudos,Activité,10988086881
"22 mars 2024, 07:06:31",Kudos,Activité,11007435879
"24 mars 2024, 12:20:09",Kudos,Activité,11019990666
"24 mars 2024, 12:20:12",Kudos,Activité,11027528925
"28 mars 2024, 18:55:18",Kudos,Activité,11056834895
"28 mars 2024, 18:55:32",Kudos,Activité,11049677131
"24 avr. 2024, 13:00:18",Kudos,Activité,11252939595
"24 avr. 2024, 21:18:39",Kudos,Activité,11256483117
"24 avr. 2024, 21:19:00",Kudos,Activité,11256361160
"5 mai 2024, 17:01:22",Kudos,Activité,11336262984
"5 mai 2024, 17:01:25",Kudos,Activité,11336343545
"7 mai 2024, 21:06:23",Kudos,Activité,11354063587
"9 mai 2024, 15:11:51",Kudos,Activité,11368552752
"11 mai 2024, 11:51:54",Kudos,Activité,11383056663
"11 mai 2024, 11:52:25",Kudos,Activité,11383757420
"15 mai 2024, 16:20:46",Kudos,Activité,11416982714
"16 mai 2024, 19:32:46",Kudos,Activité,11424953026
"16 mai 2024, 19:32:58",Kudos,Activité,11425544690
"17 mai 2024, 11:58:26",Kudos,Activité,11430830352
"18 mai 2024, 20:44:50",Kudos,Activité,11441859860
"19 mai 2024, 14:42:48",Kudos,Activité,11445682178
"19 mai 2024, 18:04:34",Kudos,Activité,11449588784
"20 mai 2024, 11:34:26",Kudos,Activité,11453687683
"21 mai 2024, 10:41:45",Kudos,Activité,11461907595
"22 mai 2024, 09:00:31",Kudos,Activité,11465048565
"23 mai 2024, 12:21:07",Kudos,Activité,11477943157
"23 mai 2024, 12:21:08",Kudos,Activité,11478291190
"24 mai 2024, 10:32:28",Kudos,Activité,11480868203
"3 juin 2024, 11:33:25",Kudos,Activité,11553877795
"3 juin 2024, 11:33:36",Kudos,Activité,11553550776
"4 juin 2024, 17:47:09",Kudos,Activité,11571094076
"5 juin 2024, 07:06:25",Kudos,Activité,11574345262
"5 juin 2024, 17:53:45",Kudos,Activité,11581672995
"9 juin 2024, 08:03:33",Kudos,Activité,11606435979
"9 juin 2024, 08:03:35",Kudos,Activité,11605685186
"9 juin 2024, 08:03:36",Kudos,Activité,11605720741
"9 juin 2024, 08:03:50",Kudos,Activité,11605932645
"10 juin 2024, 14:39:47",Kudos,Activité,11615227547
"10 juin 2024, 14:39:50",Kudos,Activité,11615227539
"10 juin 2024, 14:39:55",Kudos,Activité,11615227575
"10 juin 2024, 23:14:12",Kudos,Activité,11621502362
"10 juin 2024, 23:15:52",Kudos,Activité,11621946121
"10 juin 2024, 23:15:58",Kudos,Activité,11621946024
"11 juin 2024, 17:22:15",Kudos,Activité,11627398444
"14 juin 2024, 06:05:11",Kudos,Activité,11644945982
"14 juin 2024, 06:05:12",Kudos,Activité,11644915562
"17 juin 2024, 13:35:44",Kudos,Activité,11667831852
"22 juin 2024, 11:49:54",Kudos,Activité,11706962601
"25 juin 2024, 19:04:26",Kudos,Activité,11735476804
"25 juin 2024, 19:29:33",Kudos,Activité,11738383658
"27 juin 2024, 05:09:14",Kudos,Activité,11746461723
"27 juin 2024, 05:09:18",Kudos,Activité,11745695107
"28 juin 2024, 09:57:58",Kudos,Activité,11753841115
"28 juin 2024, 13:56:32",Kudos,Activité,11758732325
"30 juin 2024, 18:54:07",Kudos,Activité,11776784818
"1 juil. 2024, 06:52:50",Kudos,Activité,11779586986
"2 juil. 2024, 07:20:09",Kudos,Activité,11787642845
"7 juil. 2024, 18:44:52",Kudos,Activité,11830856985
"7 juil. 2024, 18:45:14",Kudos,Activité,11831280674
"8 juil. 2024, 13:26:25",Kudos,Activité,11833077920
"8 juil. 2024, 18:45:19",Kudos,Activité,11836646237
"10 juil. 2024, 06:18:55",Kudos,Activité,11850633193
"10 juil. 2024, 19:26:28",Kudos,Activité,11856973122
"11 juil. 2024, 05:51:04",Kudos,Activité,11857269141
"12 juil. 2024, 21:42:43",Kudos,Activité,11775783189
"12 juil. 2024, 21:42:50",Kudos,Activité,11799554847
"16 juil. 2024, 06:28:00",Kudos,Activité,11898256213
"16 juil. 2024, 09:06:00",Kudos,Activité,11896222898
"17 juil. 2024, 12:46:19",Kudos,Activité,11909452084
"19 juil. 2024, 09:28:58",Kudos,Activité,11925536203
"19 juil. 2024, 23:00:50",Kudos,Activité,11925946708
"19 juil. 2024, 23:01:36",Kudos,Activité,11929303197
"19 juil. 2024, 23:01:40",Kudos,Activité,11930061768
"19 juil. 2024, 23:01:50",Kudos,Activité,11928979650
"20 juil. 2024, 18:16:55",Kudos,Activité,11937699959
"23 juil. 2024, 19:25:16",Kudos,Activité,11958843734
"23 juil. 2024, 19:25:22",Kudos,Activité,11958546336
"23 juil. 2024, 19:25:36",Kudos,Activité,11957813491
"23 juil. 2024, 19:25:38",Kudos,Activité,11957521548
"23 juil. 2024, 19:25:43",Kudos,Activité,11954057204
"23 juil. 2024, 19:25:46",Kudos,Activité,11954350519
"24 juil. 2024, 18:08:57",Kudos,Activité,11969807922
"25 juil. 2024, 06:42:43",Kudos,Activité,11972428597
"25 juil. 2024, 16:48:48",Kudos,Activité,11977370222
"26 juil. 2024, 05:05:17",Kudos,Activité,11980598192
"26 juil. 2024, 05:05:26",Kudos,Activité,11980295072
"26 juil. 2024, 13:22:13",Kudos,Activité,11983676391
"26 juil. 2024, 13:22:45",Kudos,Activité,11983809132
"31 juil. 2024, 17:11:43",Kudos,Activité,12024775652
"7 août 2024, 18:42:33",Kudos,Activité,12083848786
"7 août 2024, 18:42:34",Kudos,Activité,12083853394
"18 août 2024, 07:52:52",Kudos,Activité,12173983204
"24 août 2024, 20:53:55",Kudos,Activité,12229241482
"24 août 2024, 20:54:05",Kudos,Activité,12230924414
"24 août 2024, 20:54:13",Kudos,Activité,12231013559
"26 août 2024, 07:58:47",Kudos,Activité,12241034985
"26 août 2024, 11:54:39",Kudos,Activité,12244685358
"26 août 2024, 11:54:42",Kudos,Activité,12244635305
"28 août 2024, 08:28:50",Kudos,Activité,12262064390
"28 août 2024, 14:07:28",Kudos,Activité,12262262684
"28 août 2024, 19:30:41",Kudos,Activité,12266319146
"30 août 2024, 05:13:23",Kudos,Activité,12275348025
"1 sept. 2024, 17:49:46",Kudos,Activité,12294742310
"3 sept. 2024, 09:10:22",Kudos,Activité,12312459764
"4 sept. 2024, 20:15:05",Kudos,Activité,12324528906
"6 sept. 2024, 19:03:14",Kudos,Activité,12342677615
"8 sept. 2024, 15:38:14",Kudos,Activité,12355716473
"8 sept. 2024, 18:42:00",Kudos,Activité,12357592804
"9 sept. 2024, 13:26:15",Kudos,Activité,12365233689
"12 sept. 2024, 08:07:53",Kudos,Activité,12389441471
"13 sept. 2024, 19:21:18",Kudos,Activité,12400548101
"13 sept. 2024, 19:21:30",Kudos,Activité,12400642457
"15 sept. 2024, 12:25:59",Kudos,Activité,12410616397
"17 sept. 2024, 17:54:38",Kudos,Activité,12434002370
"1 oct. 2024, 15:50:48",Kudos,Activité,12541757712
"1 oct. 2024, 15:51:18",Kudos,Activité,12535032189
"6 oct. 2024, 11:51:25",Kudos,Activité,12588339500
"8 oct. 2024, 12:59:10",Kudos,Activité,12558512804
"10 oct. 2024, 19:48:57",Kudos,Activité,12623490364
"10 oct. 2024, 19:50:21",Kudos,Activité,12533052010
"11 oct. 2024, 16:03:02",Kudos,Activité,12629689687
"11 oct. 2024, 17:41:30",Kudos,Activité,12630523552
"12 oct. 2024, 12:23:46",Kudos,Activité,12636292472
"12 oct. 2024, 12:23:49",Kudos,Activité,12635520987
"13 oct. 2024, 12:09:46",Kudos,Activité,12643480198
"13 oct. 2024, 12:32:31",Kudos,Activité,12643155448
"13 oct. 2024, 18:45:14",Kudos,Activité,12647055995
"19 oct. 2024, 17:40:12",Kudos,Activité,12694648700
"19 oct. 2024, 20:03:18",Kudos,Activité,12686423069
"20 oct. 2024, 09:57:17",Kudos,Activité,12698942520
"20 oct. 2024, 10:08:47",Kudos,Activité,12699105443
"20 oct. 2024, 10:08:48",Kudos,Activité,12699153906
"22 oct. 2024, 17:18:02",Kudos,Activité,12715046028
"22 oct. 2024, 17:18:03",Kudos,Activité,12707312572
"22 oct. 2024, 18:48:45",Kudos,Activité,12719435310
"24 oct. 2024, 14:48:40",Kudos,Activité,12727185353
"24 oct. 2024, 15:41:37",Kudos,Activité,12734031627
"27 oct. 2024, 11:15:30",Kudos,Activité,12755254316
"28 oct. 2024, 11:35:02",Kudos,Activité,12757631899
"30 oct. 2024, 13:12:28",Kudos,Activité,12781072808
"1 nov. 2024, 11:48:27",Kudos,Activité,12795902957
"2 nov. 2024, 17:15:00",Kudos,Activité,12805328842
"3 nov. 2024, 10:39:58",Kudos,Activité,12811260979
"3 nov. 2024, 11:49:38",Kudos,Activité,12811853948
"5 nov. 2024, 11:37:18",Kudos,Activité,12823840117
"5 nov. 2024, 11:37:21",Kudos,Activité,12826952942
"5 nov. 2024, 11:38:48",Kudos,Activité,12826144839
"5 nov. 2024, 11:38:53",Kudos,Activité,12826256485
"5 nov. 2024, 11:38:56",Kudos,Activité,12822829836
"5 nov. 2024, 11:45:58",Kudos,Activité,12821471111
"1 déc. 2024, 12:31:13",Kudos,Activité,13019115997
"7 déc. 2024, 11:38:11",Kudos,Activité,13063999424
"15 déc. 2024, 16:36:11",Kudos,Activité,13119362746
"5 janv. 2025, 17:54:36",Kudos,Activité,13273885577
"9 janv. 2025, 16:40:29",Kudos,Activité,13308884318
"10 janv. 2025, 18:55:13",Kudos,Activité,13317390661
"11 janv. 2025, 23:55:48",Kudos,Activité,13324091946
"4 févr. 2025, 13:03:52",Kudos,Activité,13536197614
"27 févr. 2025, 20:51:00",Kudos,Activité,13742933637
"1 mars 2025, 18:07:36",Kudos,Activité,13761012221
"6 avr. 2025, 15:51:00",Kudos,Activité,14094159787
"8 avr. 2025, 11:28:51",Kudos,Activité,14107387595
"8 avr. 2025, 11:30:11",Kudos,Activité,14114889015
"8 avr. 2025, 12:43:31",Kudos,Activité,14108233984
"9 avr. 2025, 16:29:48",Kudos,Activité,14127488871
"13 avr. 2025, 14:32:05",Kudos,Activité,14164895908
"13 avr. 2025, 14:45:01",Kudos,Activité,14162840023
"16 avr. 2025, 06:32:23",Kudos,Activité,14182033985
"16 avr. 2025, 06:32:30",Kudos,Activité,14187086857
"19 avr. 2025, 08:01:54",Kudos,Activité,14214602470
"20 avr. 2025, 18:41:58",Kudos,Activité,14235700272
"23 avr. 2025, 12:35:59",Kudos,Activité,14255831787
"26 avr. 2025, 17:16:04",Kudos,Activité,14290131898
"27 avr. 2025, 08:18:50",Kudos,Activité,14298324359
"27 avr. 2025, 08:19:58",Kudos,Activité,14298210709
"27 avr. 2025, 10:10:04",Kudos,Activité,14299442327
"27 avr. 2025, 12:29:04",Kudos,Activité,14301067061
"28 avr. 2025, 16:41:28",Kudos,Activité,14312941455
"30 avr. 2025, 06:08:53",Kudos,Activité,14324672769
"30 avr. 2025, 06:09:00",Kudos,Activité,14321309090
"30 avr. 2025, 08:50:44",Kudos,Activité,14330346387
"30 avr. 2025, 17:26:36",Kudos,Activité,14334881624
"1 mai 2025, 18:06:02",Kudos,Activité,14345543075
"1 mai 2025, 18:06:15",Kudos,Activité,14342480981
"1 mai 2025, 18:06:19",Kudos,Activité,14340584074
"4 mai 2025, 10:18:32",Kudos,Activité,14372348906
"4 mai 2025, 10:22:03",Kudos,Activité,14372179222
"5 mai 2025, 12:35:48",Kudos,Activité,14377283656
"5 mai 2025, 12:41:28",Kudos,Activité,14384356725
"6 mai 2025, 10:20:07",Kudos,Activité,14392845978
"7 mai 2025, 10:10:46",Kudos,Activité,14402891630
"8 mai 2025, 16:32:41",Kudos,Activité,14413548883
"9 mai 2025, 07:14:03",Kudos,Activité,14419718347
"10 mai 2025, 19:23:36",Kudos,Activité,14432600332
"11 mai 2025, 11:54:11",Kudos,Activité,14444861184
"11 mai 2025, 11:54:41",Kudos,Activité,14443447084
"11 mai 2025, 19:28:07",Kudos,Activité,14450150551
"11 mai 2025, 19:28:08",Kudos,Activité,14450158135
"14 mai 2025, 16:29:06",Kudos,Activité,14478691678
"14 mai 2025, 20:30:45",Kudos,Activité,14481999964
"21 mai 2025, 18:03:34",Kudos,Activité,14553073008
"22 mai 2025, 18:38:59",Kudos,Activité,14560848753
"24 mai 2025, 20:35:25",Kudos,Activité,14583543654
"26 mai 2025, 15:54:46",Kudos,Activité,14599761343
"26 mai 2025, 21:38:54",Kudos,Activité,14602381204
"27 mai 2025, 16:57:03",Kudos,Activité,14611501323
"3 juin 2025, 21:20:13",Kudos,Activité,14687693695
"3 juin 2025, 21:20:50",Kudos,Activité,14686936055
"3 juin 2025, 21:21:19",Kudos,Activité,14676632676
"5 juin 2025, 20:07:56",Kudos,Activité,14708031295
"7 juin 2025, 18:14:15",Kudos,Activité,14726410690
"7 juin 2025, 18:14:34",Kudos,Activité,14726292717
"8 juin 2025, 10:43:45",Kudos,Activité,14731054761
"8 juin 2025, 16:35:03",Kudos,Activité,14736033028
"8 juin 2025, 18:05:43",Kudos,Activité,14732724387
"13 juin 2025, 16:50:39",Kudos,Activité,14778119224
"13 juin 2025, 21:33:03",Kudos,Activité,14788008647
"13 juin 2025, 21:33:54",Kudos,Activité,14784856604
"15 juin 2025, 19:52:46",Kudos,Activité,14807021973
"17 juin 2025, 06:04:26",Kudos,Activité,14818950684
"19 juin 2025, 15:44:07",Kudos,Activité,14850138189
"19 juin 2025, 15:44:09",Kudos,Activité,14850759401
"19 juin 2025, 15:44:20",Kudos,Activité,14849248889
"24 juin 2025, 06:44:13",Kudos,Activité,14892985319
"24 juin 2025, 17:25:29",Kudos,Activité,14902380598
"1 juil. 2025, 04:15:27",Kudos,Activité,14966750629
"1 juil. 2025, 04:16:40",Kudos,Activité,14955074596
"23 juil. 2025, 18:04:41",Kudos,Activité,15212422480
"11 août 2025, 12:40:35",Kudos,Activité,15413757523
"19 nov. 2025, 06:57:07",Kudos,Activité,16493457652
"25 nov. 2025, 07:15:46",Kudos,Activité,16554754887
"25 nov. 2025, 11:41:10",Kudos,Activité,16540855818
"30 nov. 2025, 08:27:40",Kudos,Activité,16606370422
"30 nov. 2025, 08:28:00",Kudos,Activité,16605115201
"20 déc. 2025, 10:10:10",Kudos,Activité,16787029156
"22 févr. 2026, 13:49:30",Kudos,Activité,17481661645
"22 févr. 2026, 13:49:40",Kudos,Activité,17481647709
"26 févr. 2026, 16:51:12",Kudos,Activité,17530145571
"27 févr. 2026, 19:39:42",Kudos,Activité,17543316428
"5 mars 2026, 16:37:03",Kudos,Activité,17614673104
"5 mars 2026, 16:54:41",Kudos,Activité,17586039712
"5 mars 2026, 18:24:16",Kudos,Activité,17615916749
"17 mars 2026, 17:15:41",Kudos,Activité,17755526361
"24 mars 2026, 20:49:14",Kudos,Activité,17844165097
"25 mars 2026, 07:34:43",Kudos,Activité,17843767387
"27 mars 2026, 20:48:39",Kudos,Activité,17879801021
"1 avr. 2026, 08:56:37",Kudos,Activité,17927548159
"1 avr. 2026, 08:56:38",Kudos,Activité,17927539266
"1 avr. 2026, 19:59:06",Kudos,Activité,17940828513
"1 avr. 2026, 19:59:08",Kudos,Activité,17941242523
"1 avr. 2026, 19:59:11",Kudos,Activité,17941424631
"1 avr. 2026, 19:59:14",Kudos,Activité,17940828717
"3 avr. 2026, 19:21:20",Kudos,Activité,17961020648
"5 avr. 2026, 11:15:41",Kudos,Activité,17984898546
"8 avr. 2026, 18:40:17",Kudos,Activité,18011209339
"9 avr. 2026, 08:16:59",Kudos,Activité,18033836339
"12 avr. 2026, 12:53:19",Kudos,Activité,18076247518
"16 avr. 2026, 11:21:12",Kudos,Activité,18130159731
"20 avr. 2026, 17:20:54",Kudos,Activité,18186120791
"21 avr. 2026, 18:07:25",Kudos,Activité,18201145947
"22 avr. 2026, 03:37:50",Kudos,Activité,18201404600
"22 avr. 2026, 06:21:26",Kudos,Activité,18202246075
"27 avr. 2026, 14:34:08",Kudos,Activité,18279000067
"27 avr. 2026, 14:34:22",Kudos,Activité,18261363190
"27 avr. 2026, 14:34:28",Kudos,Activité,18266980387
"30 avr. 2026, 11:52:49",Kudos,Activité,18314846594
"30 avr. 2026, 19:45:00",Kudos,Activité,18322878393
"30 avr. 2026, 19:45:03",Kudos,Activité,18322884814
"1 mai 2026, 09:26:13",Kudos,Activité,18328399797
"3 mai 2026, 08:55:44",Kudos,Activité,18355584265
"5 mai 2026, 17:31:42",Kudos,Activité,18387096005
"7 mai 2026, 15:32:00",Kudos,Activité,18410906513
"8 mai 2026, 20:05:45",Kudos,Activité,18429131343
"8 mai 2026, 20:08:10",Kudos,Activité,18423633312
"8 mai 2026, 20:16:53",Kudos,Activité,18415823894
"8 mai 2026, 20:16:58",Kudos,Activité,18415876543
"8 mai 2026, 20:17:17",Kudos,Activité,18424423373
"8 mai 2026, 20:17:25",Kudos,Activité,18424518229
"8 mai 2026, 20:17:34",Kudos,Activité,18426398817
"9 mai 2026, 13:52:41",Kudos,Activité,18437776866
"9 mai 2026, 13:52:50",Kudos,Activité,18436280074
"9 mai 2026, 16:51:48",Kudos,Activité,18439664639
"9 mai 2026, 20:57:53",Kudos,Activité,18443077711
"9 mai 2026, 20:58:27",Kudos,Activité,18442893914
"13 mai 2026, 17:58:23",Kudos,Activité,18489780127
"13 mai 2026, 17:58:38",Kudos,Activité,18490014700
"16 mai 2026, 21:32:20",Kudos,Activité,18533564528
"23 mai 2026, 00:05:01",Kudos,Activité,18612345578
"23 mai 2026, 19:50:45",Kudos,Activité,18621572034
"25 mai 2026, 17:58:15",Kudos,Activité,18650634283
"1 juin 2026, 18:40:21",Kudos,Activité,18744868132
"2 juin 2026, 06:46:15",Kudos,Activité,18751462732
"10 juin 2026, 06:59:38",Kudos,Activité,18839512821
"10 juin 2026, 18:33:58",Kudos,Activité,18867622756
"11 juin 2026, 06:15:56",Kudos,Activité,18873596483
"12 juin 2026, 11:32:52",Kudos,Activité,18886824816
"13 juin 2026, 04:54:25",Kudos,Activité,18893381230
"13 juin 2026, 04:54:27",Kudos,Activité,18892856957
"13 juin 2026, 11:31:39",Kudos,Activité,18899023223
"13 juin 2026, 11:38:26",Kudos,Activité,18899963944
"14 juin 2026, 07:34:41",Kudos,Activité,18907914859
"14 juin 2026, 13:55:29",Kudos,Activité,18917520271
"14 juin 2026, 13:56:29",Kudos,Activité,18908308360
"15 juin 2026, 10:26:00",Kudos,Activité,18924852217
"15 juin 2026, 19:22:58",Kudos,Activité,18933335732
"19 juin 2026, 05:57:42",Kudos,Activité,18974814967
"19 juin 2026, 06:00:51",Kudos,Activité,18961950998
"19 juin 2026, 20:58:52",Kudos,Activité,18987449862
"19 juin 2026, 20:59:59",Kudos,Activité,18980738548
"21 juin 2026, 20:26:05",Kudos,Activité,19014241695
"30 juin 2026, 10:04:26",Kudos,Activité,19108756978
"2 juil. 2026, 17:19:56",Kudos,Activité,19153018076
"2 juil. 2026, 17:19:58",Kudos,Activité,19152864087
"6 juil. 2026, 11:58:13",Kudos,Activité,19199263704
"21 juil. 2026, 06:03:54",Kudos,Activité,19397623311
"21 juil. 2026, 06:04:09",Kudos,Activité,19391951368
"22 juil. 2026, 11:01:47",Kudos,Activité,19414474148
"22 juil. 2026, 11:02:36",Kudos,Activité,19415156422
"22 juil. 2026, 11:35:39",Kudos,Activité,19408435790
"24 juil. 2026, 18:13:47",Kudos,Activité,19448551233
"19 août 2026, 05:55:57",Kudos,Activité,19791052924
"19 août 2026, 05:56:11",Kudos,Activité,19789111446
"19 août 2026, 05:56:16",Kudos,Activité,19784322528
"19 août 2026, 05:57:25",Kudos,Activité,19783768170
"22 août 2026, 20:31:37",Kudos,Activité,19853978781
"23 août 2026, 07:58:45",Kudos,Activité,19859878920
"23 août 2026, 07:58:46",Kudos,Activité,19859798077
"24 août 2026, 13:48:22",Kudos,Activité,19875271986
"24 août 2026, 18:52:30",Kudos,Activité,19881889971
"27 août 2026, 06:32:22",Kudos,Activité,19911807772
"27 août 2026, 19:37:54",Kudos,Activité,19926290338
"27 août 2026, 19:38:40",Kudos,Activité,19926183903
"27 août 2026, 19:41:50",Kudos,Activité,19924752862
"31 août 2026, 12:57:09",Kudos,Activité,19974254198
"1 sept. 2026, 18:06:37",Kudos,Activité,19993643611
"2 sept. 2026, 18:39:28",Kudos,Activité,20009635778
"2 sept. 2026, 18:39:44",Kudos,Activité,20009337329
"2 sept. 2026, 18:40:47",Kudos,Activité,20008493995
"2 sept. 2026, 18:40:48",Kudos,Activité,20008546509
"3 sept. 2026, 05:50:30",Kudos,Activité,20010258486
"3 sept. 2026, 05:50:32",Kudos,Activité,20010103785
"5 sept. 2026, 13:14:09",Kudos,Activité,20045822706
"5 sept. 2026, 13:17:22",Kudos,Activité,20036334531
"6 sept. 2026, 07:41:09",Kudos,Activité,20051920304
"6 sept. 2026, 07:41:20",Kudos,Activité,20048050481
"6 sept. 2026, 07:41:24",Kudos,Activité,20051201603
"6 sept. 2026, 07:41:25",Kudos,Activité,20051186288
"6 sept. 2026, 07:41:50",Kudos,Activité,20044988660
"6 sept. 2026, 15:22:53",Kudos,Activité,20062442646
"6 sept. 2026, 15:22:55",Kudos,Activité,20062712351
"6 sept. 2026, 15:23:47",Kudos,Activité,20057871823
"7 sept. 2026, 11:49:45",Kudos,Activité,20062812030
"7 sept. 2026, 15:48:52",Kudos,Activité,20075198930
"7 sept. 2026, 18:36:14",Kudos,Activité,20078138138
"7 sept. 2026, 18:37:23",Kudos,Activité,20078058072
"7 sept. 2026, 18:37:25",Kudos,Activité,20077618072
"8 sept. 2026, 18:29:08",Kudos,Activité,20091411346
"11 sept. 2026, 18:32:27",Kudos,Activité,20133005477
"11 sept. 2026, 18:33:30",Kudos,Activité,20131023696
"11 sept. 2026, 18:33:56",Kudos,Activité,20127584816
"11 sept. 2026, 18:35:30",Kudos,Activité,20120427949
"11 sept. 2026, 18:45:39",Kudos,Activité,20132808547
"12 sept. 2026, 13:17:13",Kudos,Activité,20142986363
"12 sept. 2026, 13:18:57",Kudos,Activité,20142041594
"13 sept. 2026, 11:15:34",Kudos,Activité,20156012850
"13 sept. 2026, 11:15:46",Kudos,Activité,20154963361
"13 sept. 2026, 11:15:51",Kudos,Activité,20154808352
"13 sept. 2026, 11:15:59",Kudos,Activité,20155211549
"13 sept. 2026, 11:16:00",Kudos,Activité,20154900744
"13 sept. 2026, 11:16:03",Kudos,Activité,20154489693
"13 sept. 2026, 11:16:07",Kudos,Activité,20153907515
"13 sept. 2026, 11:17:02",Kudos,Activité,20149599990
"13 sept. 2026, 11:17:05",Kudos,Activité,20149249357
"13 sept. 2026, 13:41:30",Kudos,Activité,20158619051
"14 sept. 2026, 06:17:28",Kudos,Activité,20162480156
"14 sept. 2026, 06:17:56",Kudos,Activité,20159567003
"15 sept. 2026, 06:04:28",Kudos,Activité,20175318760
"15 sept. 2026, 06:11:38",Kudos,Activité,20174461200
"15 sept. 2026, 10:46:20",Kudos,Activité,20182589870
"17 sept. 2026, 10:26:32",Kudos,Activité,20203504323
"18 sept. 2026, 16:50:29",Kudos,Activité,20218683530
"18 sept. 2026, 16:51:23",Kudos,Activité,20217111426
"18 sept. 2026, 17:12:18",Kudos,Activité,20229513946
"18 sept. 2026, 19:17:17",Kudos,Activité,20230967718
"18 sept. 2026, 19:17:23",Kudos,Activité,20202908398
"19 sept. 2026, 07:10:15",Kudos,Activité,20230235375
"19 sept. 2026, 07:10:23",Kudos,Activité,20229754916
"19 sept. 2026, 07:10:31",Kudos,Activité,20229201771
"19 sept. 2026, 07:26:08",Kudos,Activité,20235832859
"19 sept. 2026, 18:21:41",Kudos,Activité,20241616211
"20 sept. 2026, 09:27:22",Kudos,Activité,20251013442
"20 sept. 2026, 09:28:15",Kudos,Activité,20245722077
"20 sept. 2026, 10:04:08",Kudos,Activité,20251751285
"20 sept. 2026, 10:15:32",Kudos,Activité,20250880825
"20 sept. 2026, 13:58:33",Kudos,Activité,20255629794
"20 sept. 2026, 13:58:33",Kudos,Activité,20255427638
"21 sept. 2026, 07:26:04",Kudos,Activité,20259785502
"21 sept. 2026, 07:26:22",Kudos,Activité,20258069510
"21 sept. 2026, 08:30:00",Kudos,Activité,20262899932
"22 sept. 2026, 13:24:41",Kudos,Activité,20280290758
"22 sept. 2026, 13:24:44",Kudos,Activité,20278939913
"22 sept. 2026, 17:59:20",Kudos,Activité,20284721233
"22 sept. 2026, 18:16:08",Kudos,Activité,20278448755
"22 sept. 2026, 18:21:28",Kudos,Activité,20285021233
"22 sept. 2026, 18:34:27",Kudos,Activité,20283348395
"22 sept. 2026, 19:59:36",Kudos,Activité,20287041442
"23 sept. 2026, 19:40:54",Kudos,Activité,20300542384
"23 sept. 2026, 19:40:56",Kudos,Activité,20300702189
"24 sept. 2026, 06:03:40",Kudos,Activité,20300664634
"26 sept. 2026, 08:03:18",Kudos,Activité,20332511767
"26 sept. 2026, 17:01:00",Kudos,Activité,20339873846
"26 sept. 2026, 17:03:05",Kudos,Activité,20338704706
"27 sept. 2026, 07:51:52",Kudos,Activité,20339402241
"27 sept. 2026, 12:56:20",Kudos,Activité,20350717449
"27 sept. 2026, 12:56:21",Kudos,Activité,20349446414
"27 sept. 2026, 12:56:23",Kudos,Activité,20348615837
"27 sept. 2026, 12:56:24",Kudos,Activité,20348693994
"27 sept. 2026, 12:56:26",Kudos,Activité,20348017001
"28 sept. 2026, 12:42:36",Kudos,Activité,20362467577
"28 sept. 2026, 18:42:52",Kudos,Activité,20366663889
"29 sept. 2026, 06:02:16",Kudos,Activité,20367221671
"3 oct. 2026, 10:29:08",Kudos,Activité,20429397535
"3 oct. 2026, 10:29:24",Kudos,Activité,20422884334
"3 oct. 2026, 10:30:02",Kudos,Activité,20417410338
"4 oct. 2026, 08:52:29",Kudos,Activité,20443376552
"8 oct. 2023, 07:58:08",J'aime,Commenter,1646284458
"22 oct. 2023, 11:50:46",J'aime,Commenter,1657519998
"8 nov. 2023, 11:24:31",J'aime,Commenter,1668600754
"8 nov. 2023, 17:32:55",J'aime,Commenter,1668624571
"15 juil. 2026, 19:29:57",J'aime,Commenter,2626201705
