ID de l'activité,Nom de l'exercice,Répétitions,Durée (en secondes),Poids,Heure de début (en millisecondes),Identifiant du sur-ensemble,Indice d’effort ressenti
20393937497,Corps entier,14,300.0,,1790778647000,,
20393937497,Squat,7,115.0,,1790778947000,,
20393937497,Squat,15,111.0,,1790779073000,,
20393937497,Squat,13,54.0,,1790779215000,,
20393937497,Squat poids du corps,10,166.0,,1790779299000,,
20393937497,Squat poids du corps,20,109.0,,1790779495000,,
20393937497,Squat poids du corps,16,125.0,,1790779634000,,
20393937497,Soulevés de terre roumains sur une jambe,11,211.0,4.5625,1790779790000,,
20393937497,Soulevés de terre roumains sur une jambe,,80.0,4.5625,1790780031000,,
20393937497,Soulevés de terre roumains sur une jambe,,50.0,4.5625,1790780141000,,
20393937497,Stabilité de la hanche,,263.0,,1790780222000,,
20285298399,Développé des épaules,12,130.0,10.0,1790088688000,,
20285298399,Développé des épaules,12,16.0,10.0,1790088930000,,
20285298399,Développé des épaules,12,73.0,10.0,1790088959000,,
20285298399,Développé des épaules,10,51.0,10.0,1790089365000,,
20285298399,Développé des épaules,10,42.0,10.0,1790089564000,,
20285298399,Développé des épaules,8,37.0,10.0,1790089780000,,
20285298399,Développé des épaules,12,46.0,17.5,1790090079000,,
20285298399,Développé des épaules,12,43.0,17.5,1790090299000,,
20285298399,Développé des épaules,9,34.0,17.5,1790090505000,,
20285298399,Développé des épaules,10,29.0,17.5,1790090720000,,
20285298399,Développé des épaules,13,40.0,7.0,1790090904000,,
20285298399,Développé des épaules,10,32.0,7.0,1790091057000,,
20285298399,Développé des épaules,9,31.0,7.0,1790091222000,,
20285298399,Développé des épaules,11,29.0,7.0,1790091368000,,

